run_id,checkpoint_name,architecture,seed,stage,task_success,scenario_macro_success,reward,oracle_regret,llm_call_rate,required_call_recall,required_call_precision,required_call_f1,false_call_rate,missed_required_rate,action_macro_f1,action_entropy_nats,resource_cost,language_cost,language_latency_steps,memory_retention,habituation_sequence_success,novelty_reaction,params,active_connections,gates,cpu_inference_ms_mean,cpu_inference_ms_median,cpu_inference_ms_p95
gru128-s0-B0,imitation_best.pt,gru128,0,imitation,1.0,1.0,1.0036797523498535,0.015851497650146484,0.3671875,1.0,0.4787234042553192,0.6474820143884892,0.23222748815165878,0.0,0.8598441056507199,0.2935168933800042,0.013437499292194843,0.01835937611758709,3.0,1.0,1.0,1.0,56967,56192,384,0.030324504999999998,0.029752,0.03199799999999999
gru128-s0-B0,imitation_final.pt,gru128,0,imitation,1.0,1.0,1.0034297704696655,0.016101479530334473,0.3671875,1.0,0.4787234042553192,0.6474820143884892,0.23222748815165878,0.0,0.8336089509140551,0.3091379022180014,0.013515625149011612,0.01835937611758709,3.0,1.0,1.0,1.0,56967,56192,384,0.029874200000000004,0.0297515,0.030729999999999997
gru128-s0-B1,ppo_final.pt,gru128,0,ppo,0.68359375,0.6547244936227798,0.36493751406669617,0.6545937359333038,0.3671875,1.0,0.4787234042553192,0.6474820143884892,0.23222748815165878,0.0,0.7859505004639599,0.2665272589739744,0.009140623733401299,0.01835937611758709,3.0,0.4864864945411682,0.0,0.5,56967,56192,384,0.029773310000000004,0.029627,0.0309278
gru128-s0-B2,ppo_final.pt,gru128,0,ppo,1.0,1.0,1.006812572479248,0.012718677520751953,0.3671875,1.0,0.4787234042553192,0.6474820143884892,0.23222748815165878,0.0,0.9064656917759177,0.26290666240793636,0.010468749329447746,0.01835937611758709,3.0,1.0,1.0,1.0,56967,56192,384,0.029786194999999998,0.0296565,0.030754399999999994
gru128-s0-B3,ppo_final.pt,gru128,0,ppo,1.0,1.0,1.0054062604904175,0.01412498950958252,0.3671875,1.0,0.4787234042553192,0.6474820143884892,0.23222748815165878,0.0,0.8919526586588274,0.2748593745110701,0.011874999850988388,0.01835937611758709,3.0,1.0,1.0,1.0,56967,56192,384,0.029844464999999997,0.029689,0.03064425
gru128-s0-B4,ppo_final.pt,gru128,0,ppo,1.0,1.0,0.9888203144073486,0.030710935592651367,0.3671875,1.0,0.4787234042553192,0.6474820143884892,0.23222748815165878,0.0,0.7470563843687731,0.4164354859741231,0.02812499739229679,0.01835937611758709,3.0,1.0,1.0,1.0,56967,56192,384,0.029692939999999998,0.029614500000000002,0.030397449999999996
gru128-s0-B5,ppo_final.pt,gru128,0,ppo,0.62890625,0.6171372756361961,0.2610234320163727,0.7585078179836273,0.3671875,1.0,0.4787234042553192,0.6474820143884892,0.23222748815165878,0.0,0.7210824361359758,0.2829043327732048,0.013554686680436134,0.01835937611758709,3.0,0.13513512909412384,1.0,1.0,56967,56192,384,0.02955441,0.0294495,0.0303482
gru128-s0-B6,ppo_final.pt,gru128,0,ppo,1.0,1.0,1.0065780878067017,0.01295316219329834,0.3671875,1.0,0.4787234042553192,0.6474820143884892,0.23222748815165878,0.0,0.9038131947145467,0.2649372221142186,0.010703124105930328,0.01835937611758709,3.0,1.0,1.0,1.0,56967,56192,384,0.029431275,0.0293265,0.03010415
gru128-s0-B7,ppo_final.pt,gru128,0,ppo,1.0,1.0,1.0025155544281006,0.017015695571899414,0.3671875,1.0,0.4787234042553192,0.6474820143884892,0.23222748815165878,0.0,0.8591268670347936,0.288940310391273,0.014765625819563866,0.01835937611758709,3.0,1.0,1.0,1.0,56967,56192,384,0.029575149999999998,0.0294925,0.0301446
gru128-s0-B8,ppo_final.pt,gru128,0,ppo,1.0,1.0,1.0051640272140503,0.014367222785949707,0.3671875,1.0,0.4787234042553192,0.6474820143884892,0.23222748815165878,0.0,0.8736726825043503,0.28363560148992223,0.011953124776482582,0.01835937611758709,3.0,1.0,1.0,1.0,56967,56192,384,0.029444745,0.0293625,0.030279949999999996
gru128-s1-B0,imitation_best.pt,gru128,1,imitation,1.0,1.0,1.0045859813690186,0.014945268630981445,0.3671875,1.0,0.4787234042553192,0.6474820143884892,0.23222748815165878,0.0,0.8848178982032452,0.28159605187926545,0.0126953125,0.01835937611758709,3.0,1.0,1.0,1.0,56967,56192,384,0.029942755,0.029668,0.031691000000000004
gru128-s1-B0,imitation_final.pt,gru128,1,imitation,1.0,1.0,1.0045702457427979,0.014961004257202148,0.3671875,1.0,0.4787234042553192,0.6474820143884892,0.23222748815165878,0.0,0.8829720946356918,0.28238584347365864,0.0126953125,0.01835937611758709,3.0,1.0,1.0,1.0,56967,56192,384,0.02988756,0.0297735,0.03095415
gru128-s1-B1,ppo_final.pt,gru128,1,ppo,0.671875,0.6651310374339422,0.34833595156669617,0.6711952984333038,0.3671875,1.0,0.4787234042553192,0.6474820143884892,0.23222748815165878,0.0,0.7281694600636289,0.22977960028555286,0.0126953125,0.01835937611758709,3.0,0.5135135054588318,1.0,1.0,56967,56192,384,0.029732745,0.0296345,0.030341099999999996
gru128-s1-B2,ppo_final.pt,gru128,1,ppo,0.59765625,0.5795454531908035,0.19972656667232513,0.8198046833276749,0.37109375,1.0,0.47368421052631576,0.6428571428571429,0.23696682464454977,0.0,0.7577121282594516,0.2386915991270364,0.012656250037252903,0.0185546875,3.0,0.0,1.0,1.0,56967,56192,384,0.029686105,0.0296,0.030495199999999997
gru128-s1-B3,ppo_final.pt,gru128,1,ppo,1.0,1.0,1.0045859813690186,0.014945268630981445,0.3671875,1.0,0.4787234042553192,0.6474820143884892,0.23222748815165878,0.0,0.8848178982032452,0.28159605187926545,0.0126953125,0.01835937611758709,3.0,1.0,1.0,1.0,56967,56192,384,0.029855975,0.0297505,0.030515949999999997
gru128-s1-B4,ppo_final.pt,gru128,1,ppo,0.92578125,0.9166666666666666,0.8114609718322754,0.2080702781677246,0.3671875,1.0,0.4787234042553192,0.6474820143884892,0.23222748815165878,0.0,0.6178659136909038,0.47680995761079786,0.052187491208314896,0.01835937611758709,3.0,1.0,0.5,1.0,56967,56192,384,0.02980464,0.029698000000000002,0.03044475
gru128-s1-B5,ppo_final.pt,gru128,1,ppo,0.421875,0.41287878652413684,-0.15736716985702515,1.1768984198570251,0.3671875,1.0,0.4787234042553192,0.6474820143884892,0.23222748815165878,0.0,0.6310728570224762,0.24429520790417242,0.018398435786366463,0.01835937611758709,3.0,0.0,1.0,1.0,56967,56192,384,0.029840715000000004,0.029731,0.03069025
gru128-s1-B6,ppo_final.pt,gru128,1,ppo,1.0,1.0,1.0045312643051147,0.014999985694885254,0.3671875,1.0,0.4787234042553192,0.6474820143884892,0.23222748815165878,0.0,0.8785289722822781,0.2843448829295013,0.0126953125,0.01835937611758709,3.0,1.0,1.0,1.0,56967,56192,384,0.029521489999999997,0.029442,0.0301559
gru128-s1-B7,ppo_final.pt,gru128,1,ppo,1.0,1.0,1.0046641826629639,0.014867067337036133,0.3671875,1.0,0.4787234042553192,0.6474820143884892,0.23222748815165878,0.0,0.8854617072255895,0.2809613413099834,0.012617187574505806,0.01835937611758709,3.0,1.0,1.0,1.0,56967,56192,384,0.03037731,0.029603499999999998,0.030827349999999993
gru128-s1-B8,ppo_final.pt,gru128,1,ppo,1.0,1.0,1.0045859813690186,0.014945268630981445,0.3671875,1.0,0.4787234042553192,0.6474820143884892,0.23222748815165878,0.0,0.8848178982032452,0.28159605187926545,0.0126953125,0.01835937611758709,3.0,1.0,1.0,1.0,56967,56192,384,0.02970758,0.029557,0.03067695
gru128-s2-B0,imitation_best.pt,gru128,2,imitation,1.0,1.0,1.004515528678894,0.015015721321105957,0.3671875,1.0,0.4787234042553192,0.6474820143884892,0.23222748815165878,0.0,0.8730079987168655,0.28646603296588136,0.012656250037252903,0.01835937611758709,3.0,1.0,1.0,1.0,56967,56192,384,0.029865785000000002,0.029794,0.03090125
gru128-s2-B0,imitation_final.pt,gru128,2,imitation,1.0,1.0,1.004515528678894,0.015015721321105957,0.3671875,1.0,0.4787234042553192,0.6474820143884892,0.23222748815165878,0.0,0.8730079987168655,0.28646603296588136,0.012656250037252903,0.01835937611758709,3.0,1.0,1.0,1.0,56967,56192,384,0.029906284999999998,0.029742,0.030701199999999998
gru128-s2-B1,ppo_final.pt,gru128,2,ppo,0.4921875,0.48805782695611316,-0.035765621811151505,1.0552968718111515,0.3671875,1.0,0.4787234042553192,0.6474820143884892,0.23222748815165878,0.0,0.8035742513211143,0.310168450610253,0.016093749552965164,0.01835937611758709,3.0,0.4864864945411682,0.0,1.0,56967,56192,384,0.029740475000000002,0.029596499999999998,0.0306349
gru128-s2-B2,ppo_final.pt,gru128,2,ppo,0.7578125,0.7444444447755814,0.4824765622615814,0.5370546877384186,0.3671875,1.0,0.4787234042553192,0.6474820143884892,0.23222748815165878,0.0,0.6503927660697512,0.44446233210345193,0.039687491953372955,0.01835937611758709,3.0,1.0,0.0,1.0,56967,56192,384,0.029835935,0.0297015,0.03074465
gru128-s2-B3,ppo_final.pt,gru128,2,ppo,1.0,1.0,1.00474214553833,0.014789104461669922,0.3671875,1.0,0.4787234042553192,0.6474820143884892,0.23222748815165878,0.0,0.8861126673314134,0.28032521760162427,0.012539062649011612,0.01835937611758709,3.0,1.0,1.0,1.0,56967,56192,384,0.029946874999999994,0.0298625,0.030690949999999998
gru128-s2-B4,ppo_final.pt,gru128,2,ppo,0.90625,0.911111111442248,0.8184062242507935,0.20112502574920654,0.3671875,1.0,0.4787234042553192,0.6474820143884892,0.23222748815165878,0.0,0.8149521797069715,0.289479917604731,0.010859373956918716,0.01835937611758709,3.0,1.0,1.0,1.0,56967,56192,384,0.029861674999999997,0.029775,0.03058325
gru128-s2-B5,ppo_final.pt,gru128,2,ppo,0.43359375,0.4172842986881733,-0.13361717760562897,1.153148427605629,0.3671875,1.0,0.4787234042553192,0.6474820143884892,0.23222748815165878,0.0,0.518095544904862,0.26944995785751,0.018085936084389687,0.01835937611758709,3.0,0.4864864945411682,1.0,1.0,56967,56192,384,0.029840255,0.029713,0.030535449999999995
gru128-s2-B6,ppo_final.pt,gru128,2,ppo,1.0,1.0,1.0065780878067017,0.01295316219329834,0.3671875,1.0,0.4787234042553192,0.6474820143884892,0.23222748815165878,0.0,0.9038131947145467,0.2649372221142186,0.010703124105930328,0.01835937611758709,3.0,1.0,1.0,1.0,56967,56192,384,0.02969412,0.0295765,0.0307495
gru128-s2-B7,ppo_final.pt,gru128,2,ppo,0.84375,0.8377859145402908,0.6842343807220459,0.3352968692779541,0.3671875,1.0,0.4787234042553192,0.6474820143884892,0.23222748815165878,0.0,0.8111686008544173,0.3197627781086846,0.02054687589406967,0.01835937611758709,3.0,1.0,1.0,1.0,56967,56192,384,0.029780689999999995,0.029649000000000002,0.03057345
gru128-s2-B8,ppo_final.pt,gru128,2,ppo,1.0,1.0,1.00474214553833,0.014789104461669922,0.3671875,1.0,0.4787234042553192,0.6474820143884892,0.23222748815165878,0.0,0.8861126673314134,0.28032521760162427,0.012539062649011612,0.01835937611758709,3.0,1.0,1.0,1.0,56967,56192,384,0.031558104999999996,0.031463000000000005,0.03230585
gru128-s3-B0,imitation_best.pt,gru128,3,imitation,1.0,1.0,1.0045859813690186,0.014945268630981445,0.3671875,1.0,0.4787234042553192,0.6474820143884892,0.23222748815165878,0.0,0.8657698655295385,0.29047655684320245,0.0126953125,0.01835937611758709,3.0,1.0,1.0,1.0,56967,56192,384,0.030383065,0.030257,0.0317826
gru128-s3-B0,imitation_final.pt,gru128,3,imitation,1.0,1.0,1.0045859813690186,0.014945268630981445,0.3671875,1.0,0.4787234042553192,0.6474820143884892,0.23222748815165878,0.0,0.8542283693720841,0.29678736511553616,0.0126953125,0.01835937611758709,3.0,1.0,1.0,1.0,56967,56192,384,0.029880570000000006,0.0297795,0.03068115
gru128-s3-B1,ppo_final.pt,gru128,3,ppo,0.8515625,0.8333333333333334,0.7077109813690186,0.31182026863098145,0.3671875,1.0,0.4787234042553192,0.6474820143884892,0.23222748815165878,0.0,0.8659910345694638,0.29020718384121064,0.0126953125,0.01835937611758709,3.0,1.0,1.0,1.0,56967,56192,384,0.03124886,0.0311315,0.03188775
gru128-s3-B2,ppo_final.pt,gru128,3,ppo,0.83203125,0.8213911602894465,0.6245468854904175,0.3949843645095825,0.3671875,1.0,0.4787234042553192,0.6474820143884892,0.23222748815165878,0.0,0.6455355580890184,0.5290898946834957,0.05679686740040779,0.01835937611758709,3.0,0.4864864945411682,1.0,1.0,56967,56192,384,0.03131362,0.031197,0.0320511
gru128-s3-B3,ppo_final.pt,gru128,3,ppo,1.0,1.0,1.0045859813690186,0.014945268630981445,0.3671875,1.0,0.4787234042553192,0.6474820143884892,0.23222748815165878,0.0,0.8848178982032452,0.28159605187926545,0.0126953125,0.01835937611758709,3.0,1.0,1.0,1.0,56967,56192,384,0.031240109999999998,0.03114,0.0319027
gru128-s3-B4,ppo_final.pt,gru128,3,ppo,1.0,1.0,0.9952890872955322,0.024242162704467773,0.3671875,1.0,0.4787234042553192,0.6474820143884892,0.23222748815165878,0.0,0.6961852949402397,0.28310877148253794,0.021992186084389687,0.01835937611758709,3.0,1.0,1.0,1.0,56967,56192,384,0.031401815,0.0312985,0.032269849999999996
gru128-s3-B5,ppo_final.pt,gru128,3,ppo,0.421875,0.41111111144224805,-0.15467186272144318,1.1742031127214432,0.3671875,1.0,0.4787234042553192,0.6474820143884892,0.23222748815165878,0.0,0.46933657458460937,0.19593407138045568,0.015703124925494194,0.01835937611758709,3.0,0.0,1.0,1.0,56967,56192,384,0.03132091,0.031215,0.031971549999999994
gru128-s3-B6,ppo_final.pt,gru128,3,ppo,1.0,1.0,1.0054843425750732,0.014046907424926758,0.3671875,1.0,0.4787234042553192,0.6474820143884892,0.23222748815165878,0.0,0.8926780913302345,0.2742092025859073,0.011796874925494194,0.01835937611758709,3.0,1.0,1.0,1.0,56967,56192,384,0.031241960000000003,0.031155000000000002,0.03203235
gru128-s3-B7,ppo_final.pt,gru128,3,ppo,0.8515625,0.8333333333333334,0.7061875462532043,0.31334370374679565,0.3671875,1.0,0.4787234042553192,0.6474820143884892,0.23222748815165878,0.0,0.8313148219125855,0.31034549271396034,0.014218750409781933,0.01835937611758709,3.0,1.0,1.0,1.0,56967,56192,384,0.03124397,0.031113,0.03218715
gru128-s3-B8,ppo_final.pt,gru128,3,ppo,1.0,1.0,1.0045859813690186,0.014945268630981445,0.3671875,1.0,0.4787234042553192,0.6474820143884892,0.23222748815165878,0.0,0.8848178982032452,0.28159605187926545,0.0126953125,0.01835937611758709,3.0,1.0,1.0,1.0,56967,56192,384,0.03153501,0.0313805,0.032677250000000005
gru128-s4-B0,imitation_best.pt,gru128,4,imitation,1.0,1.0,1.0040391683578491,0.015492081642150879,0.37109375,1.0,0.47368421052631576,0.6428571428571429,0.23696682464454977,0.0,0.8729443320643614,0.28704541907514647,0.012968750670552254,0.0185546875,3.0,1.0,1.0,1.0,56967,56192,384,0.030033055000000003,0.029860499999999998,0.0312937
gru128-s4-B0,imitation_final.pt,gru128,4,imitation,1.0,1.0,1.0040391683578491,0.015492081642150879,0.37109375,1.0,0.47368421052631576,0.6428571428571429,0.23696682464454977,0.0,0.8729443320643614,0.28704541907514647,0.012968750670552254,0.0185546875,3.0,1.0,1.0,1.0,56967,56192,384,0.02975723,0.0296505,0.030630349999999997
gru128-s4-B1,ppo_final.pt,gru128,4,ppo,0.50390625,0.4906565646330516,0.010992195457220078,1.00853905454278,0.3671875,1.0,0.4787234042553192,0.6474820143884892,0.23222748815165878,0.0,0.6176294797902229,0.21265020492989403,0.014101562090218067,0.01835937611758709,3.0,0.0,1.0,1.0,56967,56192,384,0.031300185,0.0311935,0.03205705
gru128-s4-B2,ppo_final.pt,gru128,4,ppo,0.85546875,0.8452755113442739,0.686218798160553,0.333312451839447,0.41796875,1.0,0.4205607476635514,0.5921052631578948,0.2938388625592417,0.0,0.6409004129617974,0.43948615898698556,0.03890625014901161,0.02089843899011612,3.0,0.5135135054588318,1.0,1.0,56967,56192,384,0.031367115,0.0312975,0.032134699999999995
gru128-s4-B3,ppo_final.pt,gru128,4,ppo,1.0,1.0,1.0041093826293945,0.015421867370605469,0.3671875,1.0,0.4787234042553192,0.6474820143884892,0.23222748815165878,0.0,0.8800591423613594,0.2841790670843892,0.013164062984287739,0.01835937611758709,3.0,1.0,1.0,1.0,56967,56192,384,0.03133013,0.031261,0.032032899999999996
gru128-s4-B4,ppo_final.pt,gru128,4,ppo,0.76171875,0.7570911844571432,0.526187539100647,0.493343710899353,0.3671875,1.0,0.4787234042553192,0.6474820143884892,0.23222748815165878,0.0,0.7676563255372306,0.2970358221458321,0.014531249180436134,0.01835937611758709,3.0,0.4864864945411682,1.0,1.0,56967,56192,384,0.03139538,0.0312765,0.03231005
gru128-s4-B5,ppo_final.pt,gru128,4,ppo,0.3359375,0.32139116028944653,-0.33076563477516174,1.3502968847751617,0.3671875,1.0,0.4787234042553192,0.6474820143884892,0.23222748815165878,0.0,0.6171368596786185,0.22972182272260327,0.009531250223517418,0.01835937611758709,3.0,0.4864864945411682,0.0,0.5,56967,56192,384,0.031455285,0.0313875,0.03227595
gru128-s4-B6,ppo_final.pt,gru128,4,ppo,0.6796875,0.677645872036616,0.36396098136901855,0.6555702686309814,0.3671875,1.0,0.4787234042553192,0.6474820143884892,0.23222748815165878,0.0,0.7253271435980154,0.24259176452836373,0.0126953125,0.01835937611758709,3.0,0.5405405163764954,1.0,1.0,56967,56192,384,0.03146301,0.031342,0.03244065
gru128-s4-B7,ppo_final.pt,gru128,4,ppo,0.95703125,0.9535931249459585,0.9082344174385071,0.11129683256149292,0.3671875,1.0,0.4787234042553192,0.6474820143884892,0.23222748815165878,0.0,0.7703045409965622,0.3451365238960954,0.023085936903953552,0.01835937611758709,3.0,0.837837815284729,1.0,1.0,56967,56192,384,0.031227315,0.031117,0.0318609
gru128-s4-B8,ppo_final.pt,gru128,4,ppo,1.0,1.0,1.0041172504425049,0.015413999557495117,0.3671875,1.0,0.4787234042553192,0.6474820143884892,0.23222748815165878,0.0,0.8809871068945513,0.28378376255313326,0.013164062984287739,0.01835937611758709,3.0,1.0,1.0,1.0,56967,56192,384,0.0316142,0.031504000000000004,0.0322543
gru128-s5-B0,imitation_best.pt,gru128,5,imitation,1.0,1.0,1.0012656450271606,0.018265604972839355,0.3671875,1.0,0.4787234042553192,0.6474820143884892,0.23222748815165878,0.0,0.8582071373851033,0.2968705051275634,0.01601562462747097,0.01835937611758709,3.0,1.0,1.0,1.0,56967,56192,384,0.031621224999999996,0.031479,0.03286285
gru128-s5-B0,imitation_final.pt,gru128,5,imitation,1.0,1.0,1.0012656450271606,0.018265604972839355,0.3671875,1.0,0.4787234042553192,0.6474820143884892,0.23222748815165878,0.0,0.8582071373851033,0.2968705051275634,0.01601562462747097,0.01835937611758709,3.0,1.0,1.0,1.0,56967,56192,384,0.029802765,0.029707,0.0308066
gru128-s5-B1,ppo_final.pt,gru128,5,ppo,0.33984375,0.3333333333333333,-0.3139296770095825,1.3334609270095825,0.3671875,1.0,0.4787234042553192,0.6474820143884892,0.23222748815165878,0.0,0.6461533586209939,0.189290189802592,0.010898436419665813,0.01835937611758709,3.0,0.0,1.0,1.0,56967,56192,384,0.03144416,0.031343499999999996,0.0323103
gru128-s5-B2,ppo_final.pt,gru128,5,ppo,0.86328125,0.8574271947145462,0.6686093807220459,0.3509218692779541,0.3671875,1.0,0.4787234042553192,0.6474820143884892,0.23222748815165878,0.0,0.6386231254865746,0.5991983293380408,0.07523436844348907,0.01835937611758709,3.0,0.7027027010917664,1.0,1.0,56967,56192,384,0.03122344,0.031101499999999997,0.0319829
gru128-s5-B3,ppo_final.pt,gru128,5,ppo,1.0,1.0,1.0013046264648438,0.01822662353515625,0.3671875,1.0,0.4787234042553192,0.6474820143884892,0.23222748815165878,0.0,0.8447047289330881,0.30363497146597085,0.015976563096046448,0.01835937611758709,3.0,1.0,1.0,1.0,56967,56192,384,0.031444074999999995,0.031351000000000004,0.032457599999999996
gru128-s5-B4,ppo_final.pt,gru128,5,ppo,0.3359375,0.32139116028944653,-0.33482810854911804,1.354359358549118,0.3671875,1.0,0.4787234042553192,0.6474820143884892,0.23222748815165878,0.0,0.6811474015787217,0.2382628359764892,0.013593749143183231,0.01835937611758709,3.0,0.4864864945411682,0.0,0.5,56967,56192,384,0.03139139,0.0312765,0.032076549999999995
gru128-s5-B5,ppo_final.pt,gru128,5,ppo,0.33984375,0.3333333333333333,-0.3136562407016754,1.3331874907016754,0.3671875,1.0,0.4787234042553192,0.6474820143884892,0.23222748815165878,0.0,0.5990804282151835,0.17031680890846596,0.010624999180436134,0.01835937611758709,3.0,0.0,1.0,1.0,56967,56192,384,0.031514585,0.0314185,0.032178450000000004
gru128-s5-B6,ppo_final.pt,gru128,5,ppo,1.0,1.0,1.006265640258789,0.013265609741210938,0.3671875,1.0,0.4787234042553192,0.6474820143884892,0.23222748815165878,0.0,0.9008048615138463,0.2670143989237754,0.011015623807907104,0.01835937611758709,3.0,1.0,1.0,1.0,56967,56192,384,0.03136537,0.031266,0.031974999999999996
gru128-s5-B7,ppo_final.pt,gru128,5,ppo,1.0,1.0,0.9842343926429749,0.035296857357025146,0.3671875,1.0,0.4787234042553192,0.6474820143884892,0.23222748815165878,0.0,0.7424661183265927,0.419561046173522,0.033046871423721313,0.01835937611758709,3.0,1.0,1.0,1.0,56967,56192,384,0.031613805,0.031439499999999995,0.03249385
gru128-s5-B8,ppo_final.pt,gru128,5,ppo,1.0,1.0,1.0015780925750732,0.017953157424926758,0.3671875,1.0,0.4787234042553192,0.6474820143884892,0.23222748815165878,0.0,0.8511653984868262,0.29999988409415645,0.015703124925494194,0.01835937611758709,3.0,1.0,1.0,1.0,56967,56192,384,0.031287375,0.0311875,0.03210525
gru128-s6-B0,imitation_best.pt,gru128,6,imitation,1.0,1.0,1.0050547122955322,0.014476537704467773,0.3671875,1.0,0.4787234042553192,0.6474820143884892,0.23222748815165878,0.0,0.8890200297415981,0.276645404055883,0.012226562947034836,0.01835937611758709,3.0,1.0,1.0,1.0,56967,56192,384,0.036532039999999995,0.0361605,0.038691449999999995
gru128-s6-B0,imitation_final.pt,gru128,6,imitation,1.0,1.0,1.0050547122955322,0.014476537704467773,0.3671875,1.0,0.4787234042553192,0.6474820143884892,0.23222748815165878,0.0,0.8890200297415981,0.276645404055883,0.012226562947034836,0.01835937611758709,3.0,1.0,1.0,1.0,56967,56192,384,0.029762165,0.0296435,0.03054735
gru128-s6-B1,ppo_final.pt,gru128,6,ppo,1.0,1.0,1.0049922466278076,0.014539003372192383,0.3671875,1.0,0.4787234042553192,0.6474820143884892,0.23222748815165878,0.0,0.8546227949631007,0.2877949984958304,0.012109375558793545,0.01835937611758709,3.0,1.0,1.0,1.0,56967,56192,384,0.031427295,0.031342,0.032225199999999996
gru128-s6-B2,ppo_final.pt,gru128,6,ppo,1.0,1.0,0.9978047013282776,0.021726548671722412,0.3671875,1.0,0.4787234042553192,0.6474820143884892,0.23222748815165878,0.0,0.7873227389148459,0.3493286124470191,0.019257809966802597,0.01835937611758709,3.0,1.0,1.0,1.0,56967,56192,384,0.031280995,0.0311725,0.03206195
gru128-s6-B3,ppo_final.pt,gru128,6,ppo,1.0,1.0,1.0064141750335693,0.013117074966430664,0.3671875,1.0,0.4787234042553192,0.6474820143884892,0.23222748815165878,0.0,0.9011732251042727,0.2666776804202646,0.010859373956918716,0.01835937611758709,3.0,1.0,1.0,1.0,56967,56192,384,0.031272735,0.031175500000000002,0.032224050000000004
gru128-s6-B4,ppo_final.pt,gru128,6,ppo,0.8515625,0.8333333333333334,0.6798593997955322,0.3396718502044678,0.3671875,1.0,0.4787234042553192,0.6474820143884892,0.23222748815165878,0.0,0.7474838219202763,0.48451398871738544,0.04054687172174454,0.01835937611758709,3.0,1.0,1.0,1.0,56967,56192,384,0.03132847,0.0312285,0.03225715
gru128-s6-B5,ppo_final.pt,gru128,6,ppo,0.33984375,0.3333333333333333,-0.3150624632835388,1.3345937132835388,0.3671875,1.0,0.4787234042553192,0.6474820143884892,0.23222748815165878,0.0,0.4721625499620705,0.15946947356116908,0.012031249701976776,0.01835937611758709,3.0,0.0,1.0,1.0,56967,56192,384,0.03133218,0.03123,0.03195775
gru128-s6-B6,ppo_final.pt,gru128,6,ppo,1.0,1.0,1.0065391063690186,0.012992143630981445,0.3671875,1.0,0.4787234042553192,0.6474820143884892,0.23222748815165878,0.0,0.9033810599412783,0.26527407909833056,0.010742186568677425,0.01835937611758709,3.0,1.0,1.0,1.0,56967,56192,384,0.031288405,0.031186,0.031990849999999994
gru128-s6-B7,ppo_final.pt,gru128,6,ppo,1.0,1.0,1.0005155801773071,0.01901566982269287,0.3671875,1.0,0.4787234042553192,0.6474820143884892,0.23222748815165878,0.0,0.8224745509029859,0.3104925106231298,0.016718748956918716,0.01835937611758709,3.0,1.0,1.0,1.0,56967,56192,384,0.03150668,0.0313735,0.03241185
gru128-s6-B8,ppo_final.pt,gru128,6,ppo,1.0,1.0,1.0064219236373901,0.013109326362609863,0.3671875,1.0,0.4787234042553192,0.6474820143884892,0.23222748815165878,0.0,0.9021011574331851,0.266282006421949,0.010859373956918716,0.01835937611758709,3.0,1.0,1.0,1.0,56967,56192,384,0.031521885,0.0314135,0.03230325
gru128-s7-B0,imitation_best.pt,gru128,7,imitation,1.0,1.0,1.0038750171661377,0.015656232833862305,0.3671875,1.0,0.4787234042553192,0.6474820143884892,0.23222748815165878,0.0,0.8782075773021316,0.28526460678849375,0.013398437760770321,0.01835937611758709,3.0,1.0,1.0,1.0,56967,56192,384,0.03149693,0.031261,0.03291855
gru128-s7-B0,imitation_final.pt,gru128,7,imitation,1.0,1.0,1.0038750171661377,0.015656232833862305,0.3671875,1.0,0.4787234042553192,0.6474820143884892,0.23222748815165878,0.0,0.8782075773021316,0.28526460678849375,0.013398437760770321,0.01835937611758709,3.0,1.0,1.0,1.0,56967,56192,384,0.02963138,0.029520499999999998,0.030377150000000002
gru128-s7-B1,ppo_final.pt,gru128,7,ppo,0.8515625,0.8333333333333334,0.6629843711853027,0.35654687881469727,0.3671875,1.0,0.4787234042553192,0.6474820143884892,0.23222748815165878,0.0,0.6521504713218264,0.547392003625137,0.05742187052965164,0.01835937611758709,3.0,1.0,1.0,1.0,56967,56192,384,0.03125168,0.031163,0.031972
gru128-s7-B2,ppo_final.pt,gru128,7,ppo,0.6015625,0.5769467204809189,0.18357031047344208,0.8359609395265579,0.3671875,1.0,0.4787234042553192,0.6474820143884892,0.23222748815165878,0.0,0.6724507433158822,0.4129361360469033,0.029726561158895493,0.01835937611758709,3.0,0.4864864945411682,0.31578946113586426,1.0,56967,56192,384,0.031325265,0.031258999999999995,0.03201875
gru128-s7-B3,ppo_final.pt,gru128,7,ppo,1.0,1.0,1.0043516159057617,0.015179634094238281,0.3671875,1.0,0.4787234042553192,0.6474820143884892,0.23222748815165878,0.0,0.8828807358729417,0.28269271321208694,0.012929688207805157,0.01835937611758709,3.0,1.0,1.0,1.0,56967,56192,384,0.031429065,0.0313475,0.03214305
gru128-s7-B4,ppo_final.pt,gru128,7,ppo,0.640625,0.6472868223985037,0.255796879529953,0.763734370470047,0.3671875,1.0,0.4787234042553192,0.6474820143884892,0.23222748815165878,0.0,0.7087385268051253,0.39238459288221006,0.04273436963558197,0.01835937611758709,3.0,1.0,1.0,1.0,56967,56192,384,0.03152422,0.031434500000000004,0.032294550000000005
gru128-s7-B5,ppo_final.pt,gru128,7,ppo,0.5234375,0.5025987426439921,0.03996874392032623,0.9795625060796738,0.3671875,1.0,0.4787234042553192,0.6474820143884892,0.23222748815165878,0.0,0.5668592366382059,0.3163348858762768,0.012929686345160007,0.01835937611758709,3.0,0.5135135054588318,0.0,0.5,56967,56192,384,0.031447955,0.031369,0.0320759
gru128-s7-B6,ppo_final.pt,gru128,7,ppo,1.0,1.0,1.004546880722046,0.014984369277954102,0.3671875,1.0,0.4787234042553192,0.6474820143884892,0.23222748815165878,0.0,0.8802776347883938,0.28356386735938094,0.0126953125,0.01835937611758709,3.0,1.0,1.0,1.0,56967,56192,384,0.03144524,0.03132,0.03215385
gru128-s7-B7,ppo_final.pt,gru128,7,ppo,1.0,1.0,1.0022813081741333,0.0172499418258667,0.3671875,1.0,0.4787234042553192,0.6474820143884892,0.23222748815165878,0.0,0.8398100894964938,0.30410774242411914,0.014999998733401299,0.01835937611758709,3.0,1.0,1.0,1.0,56967,56192,384,0.031310565,0.0311795,0.0324187
gru128-s7-B8,ppo_final.pt,gru128,7,ppo,1.0,1.0,1.0042734146118164,0.015257835388183594,0.3671875,1.0,0.4787234042553192,0.6474820143884892,0.23222748815165878,0.0,0.8822447630317098,0.28305701367629,0.01300781313329935,0.01835937611758709,3.0,1.0,1.0,1.0,56967,56192,384,0.031490615,0.0314105,0.03230585
gru64-s0-B0,imitation_best.pt,gru64,0,imitation,1.0,1.0,0.9984921813011169,0.021039068698883057,0.3671875,1.0,0.4787234042553192,0.6474820143884892,0.23222748815165878,0.0,0.7341942693167898,0.3197800352622393,0.018789062276482582,0.01835937611758709,3.0,1.0,1.0,1.0,16199,15808,192,0.029364714999999996,0.0291815,0.03056925
gru64-s0-B0,imitation_final.pt,gru64,0,imitation,1.0,1.0,0.9947422742843628,0.024788975715637207,0.3671875,1.0,0.4787234042553192,0.6474820143884892,0.23222748815165878,0.0,0.6943915269952724,0.3523101929068055,0.022539060562849045,0.01835937611758709,3.0,1.0,1.0,1.0,16199,15808,192,0.027567614999999997,0.0274625,0.028239049999999998
gru64-s1-B0,imitation_best.pt,gru64,1,imitation,1.0,1.0,0.9990937113761902,0.020437538623809814,0.3671875,1.0,0.4787234042553192,0.6474820143884892,0.23222748815165878,0.0,0.6971041545119471,0.36932806052462847,0.017656248062849045,0.01835937611758709,3.0,1.0,1.0,1.0,16199,15808,192,0.02958012,0.029368,0.030927849999999996
gru64-s1-B0,imitation_final.pt,gru64,1,imitation,1.0,1.0,0.9912344217300415,0.028296828269958496,0.3671875,1.0,0.4787234042553192,0.6474820143884892,0.23222748815165878,0.0,0.6157239109787004,0.4242939686926784,0.02535156160593033,0.01835937611758709,3.0,1.0,1.0,1.0,16199,15808,192,0.027743535,0.027678,0.0283431
gru64-s2-B0,imitation_best.pt,gru64,2,imitation,1.0,1.0,1.0031015872955322,0.016429662704467773,0.3671875,1.0,0.4787234042553192,0.6474820143884892,0.23222748815165878,0.0,0.743285114563243,0.31349652973321473,0.014179687947034836,0.01835937611758709,3.0,1.0,1.0,1.0,16199,15808,192,0.029628259999999997,0.0294385,0.03156755
gru64-s2-B0,imitation_final.pt,gru64,2,imitation,1.0,1.0,1.0016952753067017,0.01783597469329834,0.3671875,1.0,0.4787234042553192,0.6474820143884892,0.23222748815165878,0.0,0.7278637990675975,0.3237174727373942,0.015585936605930328,0.01835937611758709,3.0,1.0,1.0,1.0,16199,15808,192,0.02757678,0.0275195,0.0281801
gru64-s3-B0,imitation_best.pt,gru64,3,imitation,0.8671875,0.8508771931131681,0.7160703539848328,0.30346089601516724,0.3671875,1.0,0.4787234042553192,0.6474820143884892,0.23222748815165878,0.0,0.6417297456730203,0.4040253004389348,0.02617187239229679,0.01835937611758709,3.0,1.0,0.10526315867900848,1.0,16199,15808,192,0.028910945000000004,0.028603,0.0304195
gru64-s3-B0,imitation_final.pt,gru64,3,imitation,0.8515625,0.8333333333333334,0.6834453344345093,0.3360859155654907,0.3671875,1.0,0.4787234042553192,0.6474820143884892,0.23222748815165878,0.0,0.6366669192143724,0.40824369716376174,0.026406247168779373,0.01835937611758709,3.0,1.0,0.0,1.0,16199,15808,192,0.02777801,0.027704,0.0284787
gru64-s4-B0,imitation_best.pt,gru64,4,imitation,0.99609375,0.9954954981803894,0.9909922480583191,0.028539001941680908,0.3671875,1.0,0.4787234042553192,0.6474820143884892,0.23222748815165878,0.0,0.6891579492448711,0.35634530155511424,0.018124999478459358,0.01835937611758709,3.0,0.9729729890823364,1.0,1.0,16199,15808,192,0.02950696,0.029314,0.030733299999999998
gru64-s4-B0,imitation_final.pt,gru64,4,imitation,1.0,1.0,0.9955235123634338,0.024007737636566162,0.3671875,1.0,0.4787234042553192,0.6474820143884892,0.23222748815165878,0.0,0.6797177922678851,0.358456819634673,0.021562499925494194,0.01835937611758709,3.0,1.0,1.0,1.0,16199,15808,192,0.027615305,0.027548,0.0283139
gru64-s5-B0,imitation_best.pt,gru64,5,imitation,1.0,1.0,1.0011484622955322,0.018382787704467773,0.3671875,1.0,0.4787234042553192,0.6474820143884892,0.23222748815165878,0.0,0.7483308610783603,0.3156058113307379,0.016132812947034836,0.01835937611758709,3.0,1.0,1.0,1.0,16199,15808,192,0.029320125,0.0291475,0.030570399999999998
gru64-s5-B0,imitation_final.pt,gru64,5,imitation,1.0,1.0,1.000632882118225,0.018898367881774902,0.3671875,1.0,0.4787234042553192,0.6474820143884892,0.23222748815165878,0.0,0.8180003785785662,0.3197970021176887,0.0166015625,0.01835937611758709,3.0,1.0,1.0,1.0,16199,15808,192,0.027795484999999998,0.027719,0.0285815
gru64-s6-B0,imitation_best.pt,gru64,6,imitation,1.0,1.0,0.9982891082763672,0.021242141723632812,0.3671875,1.0,0.4787234042553192,0.6474820143884892,0.23222748815165878,0.0,0.6578924788521233,0.3919652468721696,0.018476560711860657,0.01835937611758709,3.0,1.0,1.0,1.0,16199,15808,192,0.0276352,0.027491500000000002,0.02884765
gru64-s6-B0,imitation_final.pt,gru64,6,imitation,0.98828125,0.9864864846070608,0.9759453535079956,0.043585896492004395,0.3671875,1.0,0.4787234042553192,0.6474820143884892,0.23222748815165878,0.0,0.6813538986896449,0.36829997554108446,0.01738281175494194,0.01835937611758709,3.0,0.9189189076423645,1.0,1.0,16199,15808,192,0.02768822,0.027610500000000003,0.028245899999999997
gru64-s7-B0,imitation_best.pt,gru64,7,imitation,1.0,1.0,1.0006797313690186,0.018851518630981445,0.3671875,1.0,0.4787234042553192,0.6474820143884892,0.23222748815165878,0.0,0.7374451104751153,0.3287772416875878,0.01660156063735485,0.01835937611758709,3.0,1.0,1.0,1.0,16199,15808,192,0.02775337,0.027588,0.029080599999999998
gru64-s7-B0,imitation_final.pt,gru64,7,imitation,1.0,1.0,0.9998202919960022,0.019710958003997803,0.3671875,1.0,0.4787234042553192,0.6474820143884892,0.23222748815165878,0.0,0.7460215972593494,0.3206646363531934,0.017460936680436134,0.01835937611758709,3.0,1.0,1.0,1.0,16199,15808,192,0.027800910000000005,0.027683,0.028486099999999997
mlp-s0-B0,imitation_best.pt,mlp,0,imitation,0.75390625,0.7244919339815775,0.4736328423023224,0.5458984076976776,0.17578125,1.0,1.0,1.0,0.0,0.0,0.564215558664157,0.3895699621240707,0.0306249987334013,0.0087890625,3.0,0.4864864945411682,0.0,1.0,19591,19328,0,0.01874803,0.018697,0.019097299999999998
mlp-s0-B0,imitation_final.pt,mlp,0,imitation,0.70703125,0.6767232368389765,0.3857031464576721,0.6338281035423279,0.17578125,1.0,1.0,1.0,0.0,0.0,0.5591059452389336,0.3543018088520332,0.02480468526482582,0.0087890625,3.0,0.4324324429035187,0.0,1.0,19591,19328,0,0.018893754999999998,0.018847,0.01925025
mlp-s1-B0,imitation_best.pt,mlp,1,imitation,0.76953125,0.7399958074092865,0.5045312643051147,0.5149999856948853,0.17578125,1.0,1.0,1.0,0.0,0.0,0.5688677072290479,0.3917022398153631,0.030976559966802597,0.0087890625,3.0,0.4864864945411682,0.0,1.0,19591,19328,0,0.018603230000000002,0.01857,0.018982350000000002
mlp-s1-B0,imitation_final.pt,mlp,1,imitation,0.74609375,0.7179970641930898,0.4598437547683716,0.5596874952316284,0.17578125,1.0,1.0,1.0,0.0,0.0,0.5610819171880458,0.37904369045081726,0.028789062052965164,0.0087890625,3.0,0.5405405163764954,0.0,1.0,19591,19328,0,0.018979924999999998,0.0189075,0.019333899999999998
mlp-s2-B0,imitation_best.pt,mlp,2,imitation,0.77734375,0.7477477490901947,0.5201171636581421,0.4994140863418579,0.17578125,1.0,1.0,1.0,0.0,0.0,0.5714166273983149,0.39197025899640386,0.03101562336087227,0.0087890625,3.0,0.4864864945411682,0.0,1.0,19591,19328,0,0.01890111,0.018858,0.01925025
mlp-s2-B0,imitation_final.pt,mlp,2,imitation,0.7421875,0.7166352371374766,0.4603906273841858,0.5591406226158142,0.17578125,1.0,1.0,1.0,0.0,0.0,0.5768793495991777,0.3242285880353474,0.020429687574505806,0.0087890625,3.0,0.6486486196517944,0.0,1.0,19591,19328,0,0.018889585,0.0188135,0.01921295
mlp-s3-B0,imitation_best.pt,mlp,3,imitation,0.76953125,0.7399958074092865,0.5045312643051147,0.5149999856948853,0.17578125,1.0,1.0,1.0,0.0,0.0,0.5688677072290479,0.3917022398153631,0.030976559966802597,0.0087890625,3.0,0.4864864945411682,0.0,1.0,19591,19328,0,0.01842557,0.018383999999999998,0.018743849999999996
mlp-s3-B0,imitation_final.pt,mlp,3,imitation,0.72265625,0.6934841871261597,0.4129296839237213,0.6066015660762787,0.17578125,1.0,1.0,1.0,0.0,0.0,0.5568490320779796,0.37876475007171806,0.028828121721744537,0.0087890625,3.0,0.4864864945411682,0.0,1.0,19591,19328,0,0.018995190000000002,0.0189375,0.019352050000000003
mlp-s4-B0,imitation_best.pt,mlp,4,imitation,0.75390625,0.7244919339815775,0.47355467081069946,0.5459765791893005,0.17578125,1.0,1.0,1.0,0.0,0.0,0.5640815499383398,0.3900220015637221,0.030703123658895493,0.0087890625,3.0,0.4864864945411682,0.0,1.0,19591,19328,0,0.018971839999999997,0.0189345,0.019287949999999998
mlp-s4-B0,imitation_final.pt,mlp,4,imitation,0.71875,0.6902367472648621,0.4101172089576721,0.6094140410423279,0.17578125,1.0,1.0,1.0,0.0,0.0,0.5625146004120335,0.3484694597121191,0.02382812276482582,0.0087890625,3.0,0.5135135054588318,0.0,1.0,19591,19328,0,0.01906093,0.0190025,0.019490249999999997
mlp-s5-B0,imitation_best.pt,mlp,5,imitation,0.7734375,0.7438717782497406,0.5123046636581421,0.5072265863418579,0.17578125,1.0,1.0,1.0,0.0,0.0,0.5701100373476737,0.39194939501838727,0.03101562336087227,0.0087890625,3.0,0.4864864945411682,0.0,1.0,19591,19328,0,0.019114649999999997,0.019071499999999998,0.01941595
mlp-s5-B0,imitation_final.pt,mlp,5,imitation,0.71875,0.6896082162857056,0.40730470418930054,0.6122265458106995,0.17578125,1.0,1.0,1.0,0.0,0.0,0.5599725299961075,0.3655172085640142,0.026640621945261955,0.0087890625,3.0,0.4864864945411682,0.0,1.0,19591,19328,0,0.01910638,0.019053,0.019483999999999998
mlp-s6-B0,imitation_best.pt,mlp,6,imitation,0.765625,0.7361198465029398,0.4967969059944153,0.5227343440055847,0.17578125,1.0,1.0,1.0,0.0,0.0,0.5676899160919464,0.3912284222154939,0.030898436903953552,0.0087890625,3.0,0.4864864945411682,0.0,1.0,19591,19328,0,0.01863811,0.01859,0.01897305
mlp-s6-B0,imitation_final.pt,mlp,6,imitation,0.69921875,0.6689712951580683,0.37156251072883606,0.6479687392711639,0.17578125,1.0,1.0,1.0,0.0,0.0,0.5596635669409966,0.34470471259124613,0.023320313543081284,0.0087890625,3.0,0.4324324429035187,0.0,1.0,19591,19328,0,0.019082865,0.019012,0.019496549999999998
mlp-s7-B0,imitation_best.pt,mlp,7,imitation,0.765625,0.7361198465029398,0.4967969059944153,0.5227343440055847,0.17578125,1.0,1.0,1.0,0.0,0.0,0.5676899160919464,0.3912284222154939,0.030898436903953552,0.0087890625,3.0,0.4864864945411682,0.0,1.0,19591,19328,0,0.0187555,0.018714500000000002,0.0191125
mlp-s7-B0,imitation_final.pt,mlp,7,imitation,0.74609375,0.7173685332139333,0.4603906273841858,0.5591406226158142,0.17578125,1.0,1.0,1.0,0.0,0.0,0.5641407804227604,0.3758113337546916,0.028242185711860657,0.0087890625,3.0,0.5135135054588318,0.0,1.0,19591,19328,0,0.019274095,0.019221500000000002,0.0196288
